url,source,head,feet,type
https://city-uhk.s3-us-west-1.amazonaws.com/scene_27/0.png,20161002_141943_Original.jpg,"(18, 839)","(219.0, 833.0)",Valid
https://city-uhk.s3-us-west-1.amazonaws.com/scene_27/0.png,20161002_141943_Original.jpg,"(36, 953)","(254.0, 955.0)",Valid
https://city-uhk.s3-us-west-1.amazonaws.com/scene_27/0.png,20161002_141943_Original.jpg,"(144, 454)","(424.0, 507.0)",Valid
https://city-uhk.s3-us-west-1.amazonaws.com/scene_27/0.png,20161002_141943_Original.jpg,"(666, 371)","(937.0, 447.0)",Valid
https://city-uhk.s3-us-west-1.amazonaws.com/scene_27/1.png,20161002_141956_Original.jpg,"(81, 224)","(271.0, 295.0)",Valid
https://city-uhk.s3-us-west-1.amazonaws.com/scene_27/1.png,20161002_141956_Original.jpg,"(241, 561)","(469.0, 606.0)",Valid
https://city-uhk.s3-us-west-1.amazonaws.com/scene_27/1.png,20161002_141956_Original.jpg,"(305, 1011)","(457.0, 1016.0)",Estimation
https://city-uhk.s3-us-west-1.amazonaws.com/scene_27/1.png,20161002_141956_Original.jpg,"(380, 1005)","(629.0, 1014.0)",Valid
https://city-uhk.s3-us-west-1.amazonaws.com/scene_27/2.png,20161002_142006_Original.jpg,"(51, 1506)","(246.0, 1475.0)",Valid
https://city-uhk.s3-us-west-1.amazonaws.com/scene_27/2.png,20161002_142006_Original.jpg,"(60, 1550)","(264.0, 1518.0)",Valid
https://city-uhk.s3-us-west-1.amazonaws.com/scene_27/2.png,20161002_142006_Original.jpg,"(387, 655)","(679.0, 675.0)",Valid
https://city-uhk.s3-us-west-1.amazonaws.com/scene_27/3.png,20161002_142012_Original.jpg,"(332, 1028)","(547.0, 1033.0)",Valid
https://city-uhk.s3-us-west-1.amazonaws.com/scene_27/3.png,20161002_142012_Original.jpg,"(305, 1179)","(542.0, 1181.0)",Valid
https://city-uhk.s3-us-west-1.amazonaws.com/scene_27/3.png,20161002_142018_Original.jpg,"(864, 1618)","(1096.0, 1556.0)",Valid
https://city-uhk.s3-us-west-1.amazonaws.com/scene_27/3.png,20161002_142018_Original.jpg,"(352, 1161)","(573.0, 1129.0)",Valid
https://city-uhk.s3-us-west-1.amazonaws.com/scene_27/4.png,20161002_142018_Original.jpg,"(336, 998)","(543.0, 1026.0)",Valid
https://city-uhk.s3-us-west-1.amazonaws.com/scene_27/4.png,20161002_142018_Original.jpg,"(384, 403)","(607.0, 467.0)",Estimation
https://city-uhk.s3-us-west-1.amazonaws.com/scene_27/4.png,20161002_142018_Original.jpg,"(348, 249)","(590.0, 330.0)",Valid
https://city-uhk.s3-us-west-1.amazonaws.com/scene_27/4.png,20161002_142051_Original.jpg,"(893, 93)","(1162.0, 180.0)",Estimation
https://city-uhk.s3-us-west-1.amazonaws.com/scene_27/5.png,20161002_142051_Original.jpg,"(936, 139)","(1130.0, 195.0)",Valid
https://city-uhk.s3-us-west-1.amazonaws.com/scene_27/5.png,20161002_142051_Original.jpg,"(179, 841)","(432.0, 821.0)",Valid
https://city-uhk.s3-us-west-1.amazonaws.com/scene_27/5.png,20161002_142051_Original.jpg,"(18, 1573)","(147.0, 1551.0)",Valid
https://city-uhk.s3-us-west-1.amazonaws.com/scene_27/5.png,20161002_142102_Original.jpg,"(293, 635)","(482.0, 671.0)",Estimation
https://city-uhk.s3-us-west-1.amazonaws.com/scene_27/6.png,20161002_142102_Original.jpg,"(408, 690)","(619.0, 718.0)",Valid
https://city-uhk.s3-us-west-1.amazonaws.com/scene_27/6.png,20161002_142125_Original.jpg,"(457, 2019)","(714.0, 1891.0)",Valid
https://city-uhk.s3-us-west-1.amazonaws.com/scene_27/6.png,20161002_142125_Original.jpg,"(304, 741)","(553.0, 774.0)",Valid
https://city-uhk.s3-us-west-1.amazonaws.com/scene_27/6.png,20161002_142125_Original.jpg,"(651, 354)","(938.0, 469.0)",Valid
https://city-uhk.s3-us-west-1.amazonaws.com/scene_27/7.png,20161002_142128_Original.jpg,"(752, 1)","(945.0, 95.0)",Valid
https://city-uhk.s3-us-west-1.amazonaws.com/scene_27/7.png,20161002_142128_Original.jpg,"(58, 1774)","(210.0, 1799.0)",Valid
https://city-uhk.s3-us-west-1.amazonaws.com/scene_27/7.png,20161002_142128_Original.jpg,"(7, 1630)","(203.0, 1580.0)",Valid
https://city-uhk.s3-us-west-1.amazonaws.com/scene_27/7.png,20161002_142128_Original.jpg,"(6, 1727)","(152.0, 1658.0)",Valid
https://city-uhk.s3-us-west-1.amazonaws.com/scene_27/8.png,20161002_142148_Original.jpg,"(8, 1534)","(142.0, 1502.0)",Valid
https://city-uhk.s3-us-west-1.amazonaws.com/scene_27/8.png,20161002_142148_Original.jpg,"(8, 1974)","(157.0, 1906.0)",Valid
https://city-uhk.s3-us-west-1.amazonaws.com/scene_27/8.png,20161002_142148_Original.jpg,"(8, 999)","(154.0, 1019.0)",Valid
https://city-uhk.s3-us-west-1.amazonaws.com/scene_27/8.png,20161002_142148_Original.jpg,"(386, 450)","(641.0, 507.0)",Valid
https://city-uhk.s3-us-west-1.amazonaws.com/scene_27/9.png,20161002_142200_Original.jpg,"(4, 1895)","(182.0, 1836.0)",Valid
https://city-uhk.s3-us-west-1.amazonaws.com/scene_27/9.png,20161002_142200_Original.jpg,"(91, 1907)","(226.0, 1830.0)",Valid
https://city-uhk.s3-us-west-1.amazonaws.com/scene_27/9.png,20161002_142200_Original.jpg,"(4, 1300)","(108.0, 1291.0)",Valid
https://city-uhk.s3-us-west-1.amazonaws.com/scene_27/9.png,20161002_142200_Original.jpg,"(392, 783)","(663.0, 837.0)",Valid
https://city-uhk.s3-us-west-1.amazonaws.com/scene_27/10.png,20161002_142200_Original.jpg,"(93, 204)","(292.0, 280.0)",Valid
https://city-uhk.s3-us-west-1.amazonaws.com/scene_27/10.png,20161002_142211_Original.jpg,"(6, 1742)","(249.0, 1701.0)",Valid
https://city-uhk.s3-us-west-1.amazonaws.com/scene_27/10.png,20161002_142211_Original.jpg,"(10, 1647)","(254.0, 1595.0)",Valid
https://city-uhk.s3-us-west-1.amazonaws.com/scene_27/10.png,20161002_142211_Original.jpg,"(168, 1992)","(422.0, 1889.0)",Valid
https://city-uhk.s3-us-west-1.amazonaws.com/scene_27/11.png,20161002_142211_Original.jpg,"(75, 941)","(320.0, 946.0)",Valid
https://city-uhk.s3-us-west-1.amazonaws.com/scene_27/11.png,20161002_142211_Original.jpg,"(307, 712)","(552.0, 727.0)",Valid
https://city-uhk.s3-us-west-1.amazonaws.com/scene_27/11.png,20161002_142218_Original.jpg,"(40, 436)","(353.0, 513.0)",Valid
https://city-uhk.s3-us-west-1.amazonaws.com/scene_27/12.png,20161002_142218_Original.jpg,"(218, 531)","(515.0, 515.0)",Valid
https://city-uhk.s3-us-west-1.amazonaws.com/scene_27/12.png,20161002_142218_Original.jpg,"(264, 599)","(550.0, 623.0)",Valid
https://city-uhk.s3-us-west-1.amazonaws.com/scene_27/12.png,20161002_142218_Original.jpg,"(10, 1681)","(201.0, 1670.0)",Valid
https://city-uhk.s3-us-west-1.amazonaws.com/scene_27/13.png,20161002_142218_Original.jpg,"(4, 1833)","(158.0, 1784.0)",Valid
https://city-uhk.s3-us-west-1.amazonaws.com/scene_27/13.png,20161002_142218_Original.jpg,"(6, 1901)","(103.0, 1847.0)",Estimation
https://city-uhk.s3-us-west-1.amazonaws.com/scene_27/13.png,20161002_142226_Original.jpg,"(12, 1635)","(211.0, 1579.0)",Valid
https://city-uhk.s3-us-west-1.amazonaws.com/scene_27/13.png,20161002_142226_Original.jpg,"(12, 1994)","(160.0, 1926.0)",Valid
https://city-uhk.s3-us-west-1.amazonaws.com/scene_27/14.png,20161002_142226_Original.jpg,"(4, 1782)","(145.0, 1726.0)",Valid
https://city-uhk.s3-us-west-1.amazonaws.com/scene_27/14.png,20161002_142226_Original.jpg,"(10, 1833)","(140.0, 1779.0)",Valid
https://city-uhk.s3-us-west-1.amazonaws.com/scene_27/14.png,20161002_142226_Original.jpg,"(4, 1578)","(171.0, 1550.0)",Valid
https://city-uhk.s3-us-west-1.amazonaws.com/scene_27/14.png,20161002_142226_Original.jpg,"(0, 1245)","(147.0, 1230.0)",Valid
https://city-uhk.s3-us-west-1.amazonaws.com/scene_27/15.png,20161002_142226_Original.jpg,"(347, 1197)","(601.0, 1171.0)",Valid
https://city-uhk.s3-us-west-1.amazonaws.com/scene_27/15.png,20161002_142226_Original.jpg,"(549, 1754)","(799.0, 1643.0)",Valid
https://city-uhk.s3-us-west-1.amazonaws.com/scene_27/15.png,20161002_142226_Original.jpg,"(468, 10)","(736.0, 154.0)",Valid
https://city-uhk.s3-us-west-1.amazonaws.com/scene_27/15.png,20161002_142226_Original.jpg,"(115, 1483)","(168.0, 1431.0)",Valid
https://city-uhk.s3-us-west-1.amazonaws.com/scene_27/16.png,20161002_142226_Original.jpg,"(421, 1230)","(574.0, 1181.0)",Valid
https://city-uhk.s3-us-west-1.amazonaws.com/scene_27/16.png,20161002_142229_Original.jpg,"(904, 8)","(1105.0, 61.0)",Valid
https://city-uhk.s3-us-west-1.amazonaws.com/scene_27/16.png,20161002_142229_Original.jpg,"(876, 139)","(1146.0, 260.0)",Estimation
https://city-uhk.s3-us-west-1.amazonaws.com/scene_27/16.png,20161002_142229_Original.jpg,"(731, 1677)","(1016.0, 1600.0)",Valid
https://city-uhk.s3-us-west-1.amazonaws.com/scene_27/17.png,20161002_142229_Original.jpg,"(212, 272)","(471.0, 350.0)",Valid
https://city-uhk.s3-us-west-1.amazonaws.com/scene_27/17.png,20161002_142229_Original.jpg,"(55, 1963)","(298.0, 1863.0)",Valid
https://city-uhk.s3-us-west-1.amazonaws.com/scene_27/17.png,20161002_142229_Original.jpg,"(17, 1719)","(229.0, 1635.0)",Valid
https://city-uhk.s3-us-west-1.amazonaws.com/scene_27/17.png,20161002_142229_Original.jpg,"(6, 1409)","(137.0, 1392.0)",Valid
https://city-uhk.s3-us-west-1.amazonaws.com/scene_27/18.png,20161002_142229_Original.jpg,"(4, 1562)","(131.0, 1530.0)",Valid
https://city-uhk.s3-us-west-1.amazonaws.com/scene_27/18.png,20161002_142229_Original.jpg,"(36, 1349)","(299.0, 1335.0)",Valid
https://city-uhk.s3-us-west-1.amazonaws.com/scene_27/18.png,20161002_142229_Original.jpg,"(242, 1255)","(302.0, 1222.0)",Valid
https://city-uhk.s3-us-west-1.amazonaws.com/scene_27/18.png,20161002_142229_Original.jpg,"(141, 1400)","(360.0, 1359.0)",Valid
https://city-uhk.s3-us-west-1.amazonaws.com/scene_27/19.png,20161002_142229_Original.jpg,"(101, 1828)","(338.0, 1770.0)",Valid
https://city-uhk.s3-us-west-1.amazonaws.com/scene_27/19.png,20161002_142229_Original.jpg,"(102, 1882)","(296.0, 1841.0)",Valid
https://city-uhk.s3-us-west-1.amazonaws.com/scene_27/19.png,20161002_142229_Original.jpg,"(137, 1883)","(221.0, 1905.0)",Valid
https://city-uhk.s3-us-west-1.amazonaws.com/scene_27/19.png,20161002_142229_Original.jpg,"(832, 1696)","(912.0, 1684.0)",Valid
https://city-uhk.s3-us-west-1.amazonaws.com/scene_27/20.png,20161002_142229_Original.jpg,"(12, 1994)","(175.0, 1958.0)",Valid
https://city-uhk.s3-us-west-1.amazonaws.com/scene_27/20.png,20161002_142236_Original.jpg,"(12, 367)","(127.0, 413.0)",Valid
https://city-uhk.s3-us-west-1.amazonaws.com/scene_27/20.png,20161002_142236_Original.jpg,"(154, 202)","(393.0, 276.0)",Valid
https://city-uhk.s3-us-west-1.amazonaws.com/scene_27/20.png,20161002_142236_Original.jpg,"(185, 261)","(442.0, 311.0)",Valid
https://city-uhk.s3-us-west-1.amazonaws.com/scene_27/21.png,20161002_142236_Original.jpg,"(272, 417)","(549.0, 443.0)",Valid
https://city-uhk.s3-us-west-1.amazonaws.com/scene_27/21.png,20161002_142236_Original.jpg,"(289, 534)","(565.0, 562.0)",Valid
https://city-uhk.s3-us-west-1.amazonaws.com/scene_27/21.png,20161002_142236_Original.jpg,"(565, 903)","(848.0, 921.0)",Valid
https://city-uhk.s3-us-west-1.amazonaws.com/scene_27/21.png,20161002_142236_Original.jpg,"(9, 1702)","(148.0, 1684.0)",Valid
https://city-uhk.s3-us-west-1.amazonaws.com/scene_27/22.png,20161002_142236_Original.jpg,"(12, 1584)","(122.0, 1558.0)",Valid
https://city-uhk.s3-us-west-1.amazonaws.com/scene_27/22.png,20161002_142236_Original.jpg,"(150, 2039)","(292.0, 2024.0)",Valid
https://city-uhk.s3-us-west-1.amazonaws.com/scene_27/22.png,20161002_142236_Original.jpg,"(104, 1200)","(332.0, 1194.0)",Valid
https://city-uhk.s3-us-west-1.amazonaws.com/scene_27/22.png,20161002_142236_Original.jpg,"(127, 1150)","(394.0, 1147.0)",Valid
https://city-uhk.s3-us-west-1.amazonaws.com/scene_27/23.png,20161002_142236_Original.jpg,"(78, 1108)","(281.0, 1124.0)",Estimation
https://city-uhk.s3-us-west-1.amazonaws.com/scene_27/23.png,20161002_142236_Original.jpg,"(231, 1114)","(461.0, 1106.0)",Valid
https://city-uhk.s3-us-west-1.amazonaws.com/scene_27/23.png,20161002_142236_Original.jpg,"(337, 1004)","(407.0, 978.0)",Valid
https://city-uhk.s3-us-west-1.amazonaws.com/scene_27/23.png,20161002_142252_Original.jpg,"(16, 1799)","(232.0, 1758.0)",Valid
https://city-uhk.s3-us-west-1.amazonaws.com/scene_27/24.png,20161002_142252_Original.jpg,"(830, 1033)","(1174.0, 1013.0)",Estimation
https://city-uhk.s3-us-west-1.amazonaws.com/scene_27/24.png,20161002_142256_Original.jpg,"(12, 850)","(207.0, 836.0)",Valid
https://city-uhk.s3-us-west-1.amazonaws.com/scene_27/24.png,20161002_142256_Original.jpg,"(31, 1216)","(251.0, 1209.0)",Valid
https://city-uhk.s3-us-west-1.amazonaws.com/scene_27/24.png,20161002_142256_Original.jpg,"(158, 2045)","(421.0, 1929.0)",Estimation
https://city-uhk.s3-us-west-1.amazonaws.com/scene_27/25.png,20161002_142256_Original.jpg,"(226, 1984)","(462.0, 1875.0)",Valid
https://city-uhk.s3-us-west-1.amazonaws.com/scene_27/25.png,20161002_142256_Original.jpg,"(871, 1557)","(1145.0, 1501.0)",Valid
https://city-uhk.s3-us-west-1.amazonaws.com/scene_27/25.png,20161002_142256_Original.jpg,"(938, 1049)","(1224.0, 1045.0)",Valid
https://city-uhk.s3-us-west-1.amazonaws.com/scene_27/26.png,20161002_142300_Original.jpg,"(936, 1863)","(1159.0, 1727.0)",Valid
https://city-uhk.s3-us-west-1.amazonaws.com/scene_27/26.png,20161002_142300_Original.jpg,"(1062, 1854)","(1225.0, 1753.0)",Valid
https://city-uhk.s3-us-west-1.amazonaws.com/scene_27/26.png,20161002_142300_Original.jpg,"(883, 1115)","(1213.0, 1073.0)",Valid
https://city-uhk.s3-us-west-1.amazonaws.com/scene_27/26.png,20161002_142300_Original.jpg,"(298, 390)","(534.0, 450.0)",Valid
https://city-uhk.s3-us-west-1.amazonaws.com/scene_27/27.png,20161002_142303_Original.jpg,"(25, 1959)","(243.0, 1879.0)",Valid
https://city-uhk.s3-us-west-1.amazonaws.com/scene_27/27.png,20161002_142303_Original.jpg,"(41, 2047)","(254.0, 1988.0)",Valid
https://city-uhk.s3-us-west-1.amazonaws.com/scene_27/27.png,20161002_142303_Original.jpg,"(230, 1848)","(511.0, 1758.0)",Valid
https://city-uhk.s3-us-west-1.amazonaws.com/scene_27/27.png,20161002_142303_Original.jpg,"(117, 1764)","(340.0, 1704.0)",Valid
https://city-uhk.s3-us-west-1.amazonaws.com/scene_27/28.png,20161002_142303_Original.jpg,"(918, 1224)","(1244.0, 1166.0)",Valid
https://city-uhk.s3-us-west-1.amazonaws.com/scene_27/28.png,20161002_142303_Original.jpg,"(1197, 1684)","(1364.0, 1652.0)",Valid
https://city-uhk.s3-us-west-1.amazonaws.com/scene_27/28.png,20161002_142303_Original.jpg,"(1448, 1526)","(1536.0, 1498.0)",Estimation
https://city-uhk.s3-us-west-1.amazonaws.com/scene_27/28.png,20161002_142303_Original.jpg,"(1331, 1261)","(1448.0, 1325.0)",Valid
https://city-uhk.s3-us-west-1.amazonaws.com/scene_27/29.png,20161002_142322_Original.jpg,"(7, 1902)","(115.0, 1866.0)",Valid
https://city-uhk.s3-us-west-1.amazonaws.com/scene_27/29.png,20161002_142322_Original.jpg,"(12, 1810)","(127.0, 1768.0)",Valid
https://city-uhk.s3-us-west-1.amazonaws.com/scene_27/29.png,20161002_142322_Original.jpg,"(185, 711)","(392.0, 726.0)",Valid
https://city-uhk.s3-us-west-1.amazonaws.com/scene_27/29.png,20161002_142322_Original.jpg,"(140, 429)","(313.0, 461.0)",Estimation
https://city-uhk.s3-us-west-1.amazonaws.com/scene_27/30.png,20161002_142322_Original.jpg,"(164, 482)","(405.0, 549.0)",Valid
https://city-uhk.s3-us-west-1.amazonaws.com/scene_27/30.png,20161002_142322_Original.jpg,"(322, 360)","(587.0, 457.0)",Valid
https://city-uhk.s3-us-west-1.amazonaws.com/scene_27/30.png,20161002_142322_Original.jpg,"(428, 278)","(587.0, 319.0)",Valid
https://city-uhk.s3-us-west-1.amazonaws.com/scene_27/30.png,20161002_142322_Original.jpg,"(284, 138)","(555.0, 235.0)",Valid
https://city-uhk.s3-us-west-1.amazonaws.com/scene_27/31.png,20161002_142322_Original.jpg,"(290, 935)","(544.0, 924.0)",Estimation
https://city-uhk.s3-us-west-1.amazonaws.com/scene_27/31.png,20161002_142322_Original.jpg,"(320, 985)","(570.0, 997.0)",Valid
https://city-uhk.s3-us-west-1.amazonaws.com/scene_27/31.png,20161002_142324_Original.jpg,"(28, 806)","(162.0, 821.0)",Valid
https://city-uhk.s3-us-west-1.amazonaws.com/scene_27/31.png,20161002_142324_Original.jpg,"(232, 217)","(483.0, 304.0)",Valid
https://city-uhk.s3-us-west-1.amazonaws.com/scene_27/32.png,20161002_142324_Original.jpg,"(204, 419)","(464.0, 480.0)",Valid
https://city-uhk.s3-us-west-1.amazonaws.com/scene_27/32.png,20161002_142324_Original.jpg,"(374, 80)","(659.0, 189.0)",Valid
https://city-uhk.s3-us-west-1.amazonaws.com/scene_27/32.png,20161002_142324_Original.jpg,"(447, 189)","(742.0, 311.0)",Valid
https://city-uhk.s3-us-west-1.amazonaws.com/scene_27/32.png,20161002_142324_Original.jpg,"(526, 542)","(816.0, 578.0)",Estimation
https://city-uhk.s3-us-west-1.amazonaws.com/scene_27/33.png,20161002_142324_Original.jpg,"(583, 564)","(855.0, 613.0)",Valid
https://city-uhk.s3-us-west-1.amazonaws.com/scene_27/33.png,20161002_142324_Original.jpg,"(1044, 12)","(1250.0, 71.0)",Valid
https://city-uhk.s3-us-west-1.amazonaws.com/scene_27/33.png,20161002_142324_Original.jpg,"(960, 12)","(1103.0, 81.0)",Estimation
https://city-uhk.s3-us-west-1.amazonaws.com/scene_27/33.png,20161002_142330_Original.jpg,"(809, 28)","(1052.0, 139.0)",Valid
https://city-uhk.s3-us-west-1.amazonaws.com/scene_27/34.png,20161002_142330_Original.jpg,"(757, 432)","(1045.0, 439.0)",Valid
https://city-uhk.s3-us-west-1.amazonaws.com/scene_27/34.png,20161002_142330_Original.jpg,"(688, 551)","(942.0, 570.0)",Estimation
https://city-uhk.s3-us-west-1.amazonaws.com/scene_27/34.png,20161002_142330_Original.jpg,"(838, 581)","(1094.0, 606.0)",Valid
https://city-uhk.s3-us-west-1.amazonaws.com/scene_27/34.png,20161002_142330_Original.jpg,"(236, 406)","(487.0, 451.0)",Estimation
https://city-uhk.s3-us-west-1.amazonaws.com/scene_27/35.png,20161002_142330_Original.jpg,"(349, 438)","(630.0, 501.0)",Valid
https://city-uhk.s3-us-west-1.amazonaws.com/scene_27/35.png,20161002_142330_Original.jpg,"(400, 287)","(693.0, 341.0)",Valid
https://city-uhk.s3-us-west-1.amazonaws.com/scene_27/35.png,20161002_142330_Original.jpg,"(471, 343)","(636.0, 372.0)",Valid
https://city-uhk.s3-us-west-1.amazonaws.com/scene_27/35.png,20161002_142330_Original.jpg,"(241, 223)","(433.0, 303.0)",Estimation
https://city-uhk.s3-us-west-1.amazonaws.com/scene_27/36.png,20161002_142330_Original.jpg,"(6, 1498)","(166.0, 1477.0)",Valid
https://city-uhk.s3-us-west-1.amazonaws.com/scene_27/36.png,20161002_142330_Original.jpg,"(0, 1423)","(122.0, 1425.0)",Estimation
https://city-uhk.s3-us-west-1.amazonaws.com/scene_27/36.png,20161002_142335_Original.jpg,"(11, 1821)","(165.0, 1776.0)",Estimation
https://city-uhk.s3-us-west-1.amazonaws.com/scene_27/36.png,20161002_142335_Original.jpg,"(39, 1880)","(289.0, 1809.0)",Valid
https://city-uhk.s3-us-west-1.amazonaws.com/scene_27/37.png,20161002_142335_Original.jpg,"(40, 2016)","(271.0, 1951.0)",Estimation
https://city-uhk.s3-us-west-1.amazonaws.com/scene_27/37.png,20161002_142335_Original.jpg,"(120, 1977)","(357.0, 1888.0)",Valid
https://city-uhk.s3-us-west-1.amazonaws.com/scene_27/37.png,20161002_142335_Original.jpg,"(355, 1771)","(592.0, 1686.0)",Valid
https://city-uhk.s3-us-west-1.amazonaws.com/scene_27/37.png,20161002_142335_Original.jpg,"(13, 1125)","(211.0, 1117.0)",Valid
https://city-uhk.s3-us-west-1.amazonaws.com/scene_27/38.png,20161002_142335_Original.jpg,"(152, 973)","(403.0, 991.0)",Valid
https://city-uhk.s3-us-west-1.amazonaws.com/scene_27/38.png,20161002_142335_Original.jpg,"(230, 1061)","(404.0, 1074.0)",Valid
https://city-uhk.s3-us-west-1.amazonaws.com/scene_27/38.png,20161002_142335_Original.jpg,"(56, 507)","(289.0, 555.0)",Estimation
https://city-uhk.s3-us-west-1.amazonaws.com/scene_27/38.png,20161002_142335_Original.jpg,"(115, 538)","(330.0, 598.0)",Valid
https://city-uhk.s3-us-west-1.amazonaws.com/scene_27/39.png,20161002_142335_Original.jpg,"(223, 398)","(496.0, 452.0)",Estimation
https://city-uhk.s3-us-west-1.amazonaws.com/scene_27/39.png,20161002_142335_Original.jpg,"(238, 212)","(491.0, 285.0)",Estimation
https://city-uhk.s3-us-west-1.amazonaws.com/scene_27/39.png,20161002_142335_Original.jpg,"(389, 285)","(688.0, 363.0)",Valid
https://city-uhk.s3-us-west-1.amazonaws.com/scene_27/39.png,20161002_142335_Original.jpg,"(349, 442)","(635.0, 492.0)",Valid
https://city-uhk.s3-us-west-1.amazonaws.com/scene_27/40.png,20161002_142335_Original.jpg,"(673, 962)","(966.0, 919.0)",Estimation
https://city-uhk.s3-us-west-1.amazonaws.com/scene_27/40.png,20161002_142335_Original.jpg,"(777, 988)","(1045.0, 945.0)",Valid
https://city-uhk.s3-us-west-1.amazonaws.com/scene_27/41.png,20161002_142337_Original.jpg,"(4, 1697)","(131.0, 1702.0)",Valid
https://city-uhk.s3-us-west-1.amazonaws.com/scene_27/41.png,20161002_142337_Original.jpg,"(8, 1588)","(180.0, 1570.0)",Estimation
https://city-uhk.s3-us-west-1.amazonaws.com/scene_27/41.png,20161002_142337_Original.jpg,"(0, 1815)","(132.0, 1777.0)",Valid
https://city-uhk.s3-us-west-1.amazonaws.com/scene_27/41.png,20161002_142337_Original.jpg,"(91, 723)","(322.0, 747.0)",Valid
https://city-uhk.s3-us-west-1.amazonaws.com/scene_27/42.png,20161002_142337_Original.jpg,"(190, 24)","(413.0, 109.0)",Valid
https://city-uhk.s3-us-west-1.amazonaws.com/scene_27/42.png,20161002_142337_Original.jpg,"(235, 75)","(444.0, 139.0)",Valid
https://city-uhk.s3-us-west-1.amazonaws.com/scene_27/42.png,20161002_142337_Original.jpg,"(232, 236)","(466.0, 261.0)",Estimation
https://city-uhk.s3-us-west-1.amazonaws.com/scene_27/42.png,20161002_142337_Original.jpg,"(220, 397)","(495.0, 447.0)",Estimation
https://city-uhk.s3-us-west-1.amazonaws.com/scene_27/43.png,20161002_142337_Original.jpg,"(341, 442)","(618.0, 499.0)",Valid
https://city-uhk.s3-us-west-1.amazonaws.com/scene_27/43.png,20161002_142337_Original.jpg,"(368, 302)","(643.0, 380.0)",Valid
https://city-uhk.s3-us-west-1.amazonaws.com/scene_27/43.png,20161002_142337_Original.jpg,"(408, 603)","(662.0, 681.0)",Valid
https://city-uhk.s3-us-west-1.amazonaws.com/scene_27/43.png,20161002_142337_Original.jpg,"(508, 734)","(692.0, 759.0)",Valid
https://city-uhk.s3-us-west-1.amazonaws.com/scene_27/44.png,20161002_142337_Original.jpg,"(613, 955)","(905.0, 930.0)",Estimation
https://city-uhk.s3-us-west-1.amazonaws.com/scene_27/44.png,20161002_142337_Original.jpg,"(660, 943)","(960.0, 926.0)",Valid
https://city-uhk.s3-us-west-1.amazonaws.com/scene_27/44.png,20161002_142337_Original.jpg,"(707, 1024)","(998.0, 1026.0)",Valid
https://city-uhk.s3-us-west-1.amazonaws.com/scene_27/45.png,20161002_142337_Original.jpg,"(663, 1430)","(909.0, 1396.0)",Valid
https://city-uhk.s3-us-west-1.amazonaws.com/scene_27/45.png,20161002_142344_Original.jpg,"(7, 1569)","(132.0, 1526.0)",Valid
https://city-uhk.s3-us-west-1.amazonaws.com/scene_27/45.png,20161002_142344_Original.jpg,"(7, 1774)","(104.0, 1741.0)",Valid
https://city-uhk.s3-us-west-1.amazonaws.com/scene_27/45.png,20161002_142344_Original.jpg,"(299, 1991)","(546.0, 1902.0)",Valid
https://city-uhk.s3-us-west-1.amazonaws.com/scene_27/46.png,20161002_142344_Original.jpg,"(415, 1895)","(668.0, 1817.0)",Valid
https://city-uhk.s3-us-west-1.amazonaws.com/scene_27/46.png,20161002_142344_Original.jpg,"(31, 379)","(192.0, 434.0)",Estimation
https://city-uhk.s3-us-west-1.amazonaws.com/scene_27/46.png,20161002_142344_Original.jpg,"(93, 330)","(318.0, 371.0)",Estimation
https://city-uhk.s3-us-west-1.amazonaws.com/scene_27/46.png,20161002_142344_Original.jpg,"(96, 246)","(289.0, 282.0)",Estimation
https://city-uhk.s3-us-west-1.amazonaws.com/scene_27/47.png,20161002_142344_Original.jpg,"(166, 246)","(401.0, 308.0)",Estimation
https://city-uhk.s3-us-west-1.amazonaws.com/scene_27/47.png,20161002_142344_Original.jpg,"(211, 455)","(470.0, 528.0)",Valid
https://city-uhk.s3-us-west-1.amazonaws.com/scene_27/48.png,20161002_142344_Original.jpg,"(254, 610)","(526.0, 644.0)",Estimation
https://city-uhk.s3-us-west-1.amazonaws.com/scene_27/48.png,20161002_142344_Original.jpg,"(227, 829)","(479.0, 842.0)",Valid
https://city-uhk.s3-us-west-1.amazonaws.com/scene_27/48.png,20161002_142344_Original.jpg,"(393, 878)","(640.0, 917.0)",Estimation
https://city-uhk.s3-us-west-1.amazonaws.com/scene_27/48.png,20161002_142344_Original.jpg,"(423, 625)","(689.0, 679.0)",Valid
https://city-uhk.s3-us-west-1.amazonaws.com/scene_27/49.png,20161002_142344_Original.jpg,"(368, 382)","(632.0, 435.0)",Valid
https://city-uhk.s3-us-west-1.amazonaws.com/scene_27/49.png,20161002_142344_Original.jpg,"(545, 957)","(785.0, 959.0)",Estimation
https://city-uhk.s3-us-west-1.amazonaws.com/scene_27/49.png,20161002_142344_Original.jpg,"(618, 962)","(893.0, 932.0)",Estimation
https://city-uhk.s3-us-west-1.amazonaws.com/scene_27/49.png,20161002_142344_Original.jpg,"(661, 946)","(962.0, 930.0)",Valid
https://city-uhk.s3-us-west-1.amazonaws.com/scene_27/50.png,20161002_142344_Original.jpg,"(695, 1091)","(976.0, 1049.0)",Valid
https://city-uhk.s3-us-west-1.amazonaws.com/scene_27/50.png,20161002_142347_Original.jpg,"(7, 1747)","(132.0, 1717.0)",Valid
https://city-uhk.s3-us-west-1.amazonaws.com/scene_27/50.png,20161002_142347_Original.jpg,"(0, 1373)","(207.0, 1349.0)",Valid
https://city-uhk.s3-us-west-1.amazonaws.com/scene_27/50.png,20161002_142347_Original.jpg,"(54, 1466)","(212.0, 1438.0)",Valid
https://city-uhk.s3-us-west-1.amazonaws.com/scene_27/51.png,20161002_142347_Original.jpg,"(28, 580)","(282.0, 589.0)",Valid
https://city-uhk.s3-us-west-1.amazonaws.com/scene_27/51.png,20161002_142347_Original.jpg,"(54, 646)","(301.0, 663.0)",Valid
https://city-uhk.s3-us-west-1.amazonaws.com/scene_27/51.png,20161002_142347_Original.jpg,"(82, 874)","(330.0, 871.0)",Valid
https://city-uhk.s3-us-west-1.amazonaws.com/scene_27/51.png,20161002_142347_Original.jpg,"(150, 806)","(300.0, 823.0)",Valid
https://city-uhk.s3-us-west-1.amazonaws.com/scene_27/52.png,20161002_142347_Original.jpg,"(159, 715)","(426.0, 714.0)",Valid
https://city-uhk.s3-us-west-1.amazonaws.com/scene_27/52.png,20161002_142347_Original.jpg,"(237, 1526)","(485.0, 1481.0)",Valid
https://city-uhk.s3-us-west-1.amazonaws.com/scene_27/52.png,20161002_142347_Original.jpg,"(300, 1526)","(564.0, 1473.0)",Valid
https://city-uhk.s3-us-west-1.amazonaws.com/scene_27/52.png,20161002_142347_Original.jpg,"(697, 1089)","(970.0, 1050.0)",Valid
https://city-uhk.s3-us-west-1.amazonaws.com/scene_27/53.png,20161002_142347_Original.jpg,"(660, 953)","(981.0, 924.0)",Valid
https://city-uhk.s3-us-west-1.amazonaws.com/scene_27/53.png,20161002_142347_Original.jpg,"(617, 973)","(831.0, 950.0)",Estimation
https://city-uhk.s3-us-west-1.amazonaws.com/scene_27/53.png,20161002_142347_Original.jpg,"(540, 1040)","(719.0, 1065.0)",Estimation
https://city-uhk.s3-us-west-1.amazonaws.com/scene_27/53.png,20161002_142347_Original.jpg,"(514, 457)","(815.0, 492.0)",Valid
https://city-uhk.s3-us-west-1.amazonaws.com/scene_27/54.png,20161002_142347_Original.jpg,"(924, 12)","(1059.0, 154.0)",Estimation
https://city-uhk.s3-us-west-1.amazonaws.com/scene_27/54.png,20161002_142347_Original.jpg,"(1300, 1577)","(1366.0, 1516.0)",Valid
https://city-uhk.s3-us-west-1.amazonaws.com/scene_27/54.png,20161002_142352_Original.jpg,"(3, 1072)","(107.0, 1057.0)",Valid
https://city-uhk.s3-us-west-1.amazonaws.com/scene_27/55.png,20161002_142352_Original.jpg,"(183, 1390)","(431.0, 1343.0)",Valid
https://city-uhk.s3-us-west-1.amazonaws.com/scene_27/55.png,20161002_142352_Original.jpg,"(265, 1287)","(495.0, 1283.0)",Valid
https://city-uhk.s3-us-west-1.amazonaws.com/scene_27/55.png,20161002_142352_Original.jpg,"(529, 1041)","(692.0, 1007.0)",Estimation
https://city-uhk.s3-us-west-1.amazonaws.com/scene_27/55.png,20161002_142352_Original.jpg,"(619, 1003)","(788.0, 976.0)",Estimation
https://city-uhk.s3-us-west-1.amazonaws.com/scene_27/56.png,20161002_142352_Original.jpg,"(671, 1031)","(957.0, 1050.0)",Valid
https://city-uhk.s3-us-west-1.amazonaws.com/scene_27/56.png,20161002_142352_Original.jpg,"(659, 956)","(948.0, 932.0)",Valid
https://city-uhk.s3-us-west-1.amazonaws.com/scene_27/56.png,20161002_142352_Original.jpg,"(879, 680)","(1163.0, 700.0)",Valid
https://city-uhk.s3-us-west-1.amazonaws.com/scene_27/56.png,20161002_142352_Original.jpg,"(957, 596)","(979.0, 538.0)",Valid
https://city-uhk.s3-us-west-1.amazonaws.com/scene_27/57.png,20161002_142352_Original.jpg,"(282, 477)","(545.0, 555.0)",Valid
https://city-uhk.s3-us-west-1.amazonaws.com/scene_27/57.png,20161002_142352_Original.jpg,"(403, 624)","(579.0, 667.0)",Valid
https://city-uhk.s3-us-west-1.amazonaws.com/scene_27/57.png,20161002_142405_Original.jpg,"(28, 2041)","(206.0, 2000.0)",Estimation
https://city-uhk.s3-us-west-1.amazonaws.com/scene_27/57.png,20161002_142405_Original.jpg,"(115, 1984)","(345.0, 1894.0)",Valid
https://city-uhk.s3-us-west-1.amazonaws.com/scene_27/58.png,20161002_142405_Original.jpg,"(121, 1889)","(365.0, 1770.0)",Valid
https://city-uhk.s3-us-west-1.amazonaws.com/scene_27/58.png,20161002_142405_Original.jpg,"(266, 926)","(551.0, 929.0)",Valid
https://city-uhk.s3-us-west-1.amazonaws.com/scene_27/58.png,20161002_142405_Original.jpg,"(535, 1032)","(717.0, 1029.0)",Estimation
https://city-uhk.s3-us-west-1.amazonaws.com/scene_27/58.png,20161002_142405_Original.jpg,"(624, 1022)","(865.0, 967.0)",Valid
https://city-uhk.s3-us-west-1.amazonaws.com/scene_27/59.png,20161002_142405_Original.jpg,"(653, 1056)","(959.0, 1044.0)",Valid
https://city-uhk.s3-us-west-1.amazonaws.com/scene_27/59.png,20161002_142405_Original.jpg,"(669, 928)","(956.0, 904.0)",Valid
https://city-uhk.s3-us-west-1.amazonaws.com/scene_27/59.png,20161002_142405_Original.jpg,"(892, 547)","(1007.0, 592.0)",Estimation
https://city-uhk.s3-us-west-1.amazonaws.com/scene_27/59.png,20161002_142405_Original.jpg,"(867, 627)","(1168.0, 630.0)",Valid
https://city-uhk.s3-us-west-1.amazonaws.com/scene_27/60.png,20161002_142405_Original.jpg,"(1064, 1494)","(1313.0, 1459.0)",Valid
https://city-uhk.s3-us-west-1.amazonaws.com/scene_27/60.png,20161002_142418_Original.jpg,"(376, 7)","(649.0, 119.0)",Valid
https://city-uhk.s3-us-west-1.amazonaws.com/scene_27/60.png,20161002_142418_Original.jpg,"(452, 369)","(699.0, 435.0)",Valid
https://city-uhk.s3-us-west-1.amazonaws.com/scene_27/60.png,20161002_142418_Original.jpg,"(660, 398)","(810.0, 441.0)",Valid
https://city-uhk.s3-us-west-1.amazonaws.com/scene_27/61.png,20161002_142418_Original.jpg,"(423, 573)","(699.0, 623.0)",Valid
https://city-uhk.s3-us-west-1.amazonaws.com/scene_27/61.png,20161002_142418_Original.jpg,"(325, 945)","(582.0, 967.0)",Valid
https://city-uhk.s3-us-west-1.amazonaws.com/scene_27/61.png,20161002_142418_Original.jpg,"(506, 1410)","(781.0, 1362.0)",Valid
https://city-uhk.s3-us-west-1.amazonaws.com/scene_27/61.png,20161002_142418_Original.jpg,"(622, 1018)","(871.0, 968.0)",Estimation
https://city-uhk.s3-us-west-1.amazonaws.com/scene_27/62.png,20161002_142418_Original.jpg,"(642, 957)","(952.0, 949.0)",Valid
https://city-uhk.s3-us-west-1.amazonaws.com/scene_27/62.png,20161002_142418_Original.jpg,"(652, 1051)","(953.0, 1051.0)",Valid
https://city-uhk.s3-us-west-1.amazonaws.com/scene_27/62.png,20161002_142418_Original.jpg,"(559, 1122)","(812.0, 1141.0)",Valid
https://city-uhk.s3-us-west-1.amazonaws.com/scene_27/62.png,20161002_142431_Original.jpg,"(25, 1300)","(226.0, 1288.0)",Valid
https://city-uhk.s3-us-west-1.amazonaws.com/scene_27/63.png,20161002_142431_Original.jpg,"(31, 1047)","(277.0, 1047.0)",Valid
https://city-uhk.s3-us-west-1.amazonaws.com/scene_27/63.png,20161002_142431_Original.jpg,"(71, 250)","(306.0, 322.0)",Valid
https://city-uhk.s3-us-west-1.amazonaws.com/scene_27/63.png,20161002_142431_Original.jpg,"(131, 979)","(374.0, 1008.0)",Valid
https://city-uhk.s3-us-west-1.amazonaws.com/scene_27/63.png,20161002_142431_Original.jpg,"(178, 1082)","(420.0, 1094.0)",Valid
https://city-uhk.s3-us-west-1.amazonaws.com/scene_27/64.png,20161002_142431_Original.jpg,"(304, 1151)","(568.0, 1143.0)",Valid
https://city-uhk.s3-us-west-1.amazonaws.com/scene_27/64.png,20161002_142431_Original.jpg,"(322, 867)","(592.0, 896.0)",Valid
https://city-uhk.s3-us-west-1.amazonaws.com/scene_27/64.png,20161002_142431_Original.jpg,"(250, 821)","(499.0, 878.0)",Estimation
https://city-uhk.s3-us-west-1.amazonaws.com/scene_27/64.png,20161002_142431_Original.jpg,"(596, 990)","(873.0, 953.0)",Valid
https://city-uhk.s3-us-west-1.amazonaws.com/scene_27/65.png,20161002_142431_Original.jpg,"(660, 932)","(946.0, 915.0)",Valid
https://city-uhk.s3-us-west-1.amazonaws.com/scene_27/65.png,20161002_142431_Original.jpg,"(668, 1095)","(950.0, 1037.0)",Valid
https://city-uhk.s3-us-west-1.amazonaws.com/scene_27/65.png,20161002_142431_Original.jpg,"(581, 1207)","(830.0, 1168.0)",Valid
https://city-uhk.s3-us-west-1.amazonaws.com/scene_27/65.png,20161002_142431_Original.jpg,"(772, 1652)","(1045.0, 1576.0)",Valid
https://city-uhk.s3-us-west-1.amazonaws.com/scene_27/66.png,20161002_142431_Original.jpg,"(788, 7)","(1031.0, 114.0)",Valid
https://city-uhk.s3-us-west-1.amazonaws.com/scene_27/66.png,20161002_142431_Original.jpg,"(275, 2041)","(532.0, 1963.0)",Valid
https://city-uhk.s3-us-west-1.amazonaws.com/scene_27/66.png,20161002_142433_Original.jpg,"(0, 1704)","(164.0, 1657.0)",Valid
https://city-uhk.s3-us-west-1.amazonaws.com/scene_27/66.png,20161002_142433_Original.jpg,"(105, 1607)","(346.0, 1566.0)",Valid
https://city-uhk.s3-us-west-1.amazonaws.com/scene_27/67.png,20161002_142433_Original.jpg,"(125, 870)","(366.0, 899.0)",Valid
https://city-uhk.s3-us-west-1.amazonaws.com/scene_27/67.png,20161002_142433_Original.jpg,"(218, 967)","(445.0, 989.0)",Valid
https://city-uhk.s3-us-west-1.amazonaws.com/scene_27/67.png,20161002_142433_Original.jpg,"(168, 507)","(436.0, 562.0)",Valid
https://city-uhk.s3-us-west-1.amazonaws.com/scene_27/67.png,20161002_142433_Original.jpg,"(542, 51)","(835.0, 127.0)",Valid
https://city-uhk.s3-us-west-1.amazonaws.com/scene_27/68.png,20161002_142433_Original.jpg,"(585, 78)","(891.0, 184.0)",Valid
https://city-uhk.s3-us-west-1.amazonaws.com/scene_27/68.png,20161002_142433_Original.jpg,"(626, 325)","(902.0, 409.0)",Valid
https://city-uhk.s3-us-west-1.amazonaws.com/scene_27/68.png,20161002_142433_Original.jpg,"(476, 418)","(768.0, 496.0)",Valid
https://city-uhk.s3-us-west-1.amazonaws.com/scene_27/68.png,20161002_142433_Original.jpg,"(394, 637)","(653.0, 695.0)",Estimation
https://city-uhk.s3-us-west-1.amazonaws.com/scene_27/69.png,20161002_142433_Original.jpg,"(595, 597)","(870.0, 667.0)",Valid
https://city-uhk.s3-us-west-1.amazonaws.com/scene_27/69.png,20161002_142433_Original.jpg,"(598, 989)","(877.0, 953.0)",Valid
https://city-uhk.s3-us-west-1.amazonaws.com/scene_27/69.png,20161002_142433_Original.jpg,"(665, 930)","(954.0, 898.0)",Valid
https://city-uhk.s3-us-west-1.amazonaws.com/scene_27/69.png,20161002_142433_Original.jpg,"(668, 1096)","(950.0, 1048.0)",Valid
https://city-uhk.s3-us-west-1.amazonaws.com/scene_27/70.png,20161002_142433_Original.jpg,"(590, 1197)","(838.0, 1170.0)",Valid
https://city-uhk.s3-us-west-1.amazonaws.com/scene_27/70.png,20161002_142433_Original.jpg,"(948, 994)","(1199.0, 1004.0)",Valid
https://city-uhk.s3-us-west-1.amazonaws.com/scene_27/70.png,20161002_142436_Original.jpg,"(8, 1243)","(158.0, 1227.0)",Valid
https://city-uhk.s3-us-west-1.amazonaws.com/scene_27/70.png,20161002_142436_Original.jpg,"(139, 1447)","(385.0, 1432.0)",Valid
https://city-uhk.s3-us-west-1.amazonaws.com/scene_27/71.png,20161002_142436_Original.jpg,"(92, 207)","(263.0, 230.0)",Valid
https://city-uhk.s3-us-west-1.amazonaws.com/scene_27/71.png,20161002_142436_Original.jpg,"(66, 515)","(319.0, 544.0)",Valid
https://city-uhk.s3-us-west-1.amazonaws.com/scene_27/71.png,20161002_142436_Original.jpg,"(102, 777)","(341.0, 791.0)",Valid
https://city-uhk.s3-us-west-1.amazonaws.com/scene_27/71.png,20161002_142436_Original.jpg,"(269, 661)","(529.0, 673.0)",Valid
https://city-uhk.s3-us-west-1.amazonaws.com/scene_27/72.png,20161002_142436_Original.jpg,"(320, 666)","(574.0, 686.0)",Valid
https://city-uhk.s3-us-west-1.amazonaws.com/scene_27/72.png,20161002_142436_Original.jpg,"(600, 994)","(872.0, 956.0)",Valid
https://city-uhk.s3-us-west-1.amazonaws.com/scene_27/72.png,20161002_142436_Original.jpg,"(660, 935)","(948.0, 905.0)",Valid
https://city-uhk.s3-us-west-1.amazonaws.com/scene_27/72.png,20161002_142436_Original.jpg,"(697, 1088)","(956.0, 1040.0)",Valid
https://city-uhk.s3-us-west-1.amazonaws.com/scene_27/73.png,20161002_142436_Original.jpg,"(573, 1205)","(834.0, 1169.0)",Valid
https://city-uhk.s3-us-west-1.amazonaws.com/scene_27/73.png,20161002_142436_Original.jpg,"(866, 73)","(1157.0, 188.0)",Estimation
https://city-uhk.s3-us-west-1.amazonaws.com/scene_27/73.png,20161002_142436_Original.jpg,"(753, 10)","(984.0, 59.0)",Estimation
https://city-uhk.s3-us-west-1.amazonaws.com/scene_27/74.png,20161002_142436_Original.jpg,"(608, 397)","(841.0, 476.0)",Valid
https://city-uhk.s3-us-west-1.amazonaws.com/scene_27/74.png,20161002_142436_Original.jpg,"(427, 288)","(674.0, 356.0)",Estimation
https://city-uhk.s3-us-west-1.amazonaws.com/scene_27/74.png,20161002_142436_Original.jpg,"(465, 288)","(729.0, 366.0)",Valid
https://city-uhk.s3-us-west-1.amazonaws.com/scene_27/74.png,20161002_142440_Original.jpg,"(8, 1954)","(168.0, 1896.0)",Valid
https://city-uhk.s3-us-west-1.amazonaws.com/scene_27/75.png,20161002_142440_Original.jpg,"(38, 1613)","(265.0, 1553.0)",Valid
https://city-uhk.s3-us-west-1.amazonaws.com/scene_27/75.png,20161002_142440_Original.jpg,"(26, 1572)","(281.0, 1492.0)",Valid
https://city-uhk.s3-us-west-1.amazonaws.com/scene_27/75.png,20161002_142440_Original.jpg,"(151, 1342)","(399.0, 1280.0)",Valid
https://city-uhk.s3-us-west-1.amazonaws.com/scene_27/75.png,20161002_142440_Original.jpg,"(99, 1205)","(358.0, 1163.0)",Valid
https://city-uhk.s3-us-west-1.amazonaws.com/scene_27/76.png,20161002_142440_Original.jpg,"(214, 1056)","(467.0, 1052.0)",Valid
https://city-uhk.s3-us-west-1.amazonaws.com/scene_27/76.png,20161002_142440_Original.jpg,"(188, 993)","(406.0, 993.0)",Valid
https://city-uhk.s3-us-west-1.amazonaws.com/scene_27/76.png,20161002_142440_Original.jpg,"(63, 595)","(308.0, 628.0)",Valid
https://city-uhk.s3-us-west-1.amazonaws.com/scene_27/76.png,20161002_142440_Original.jpg,"(161, 408)","(421.0, 452.0)",Valid
https://city-uhk.s3-us-west-1.amazonaws.com/scene_27/77.png,20161002_142440_Original.jpg,"(565, 612)","(852.0, 673.0)",Valid
https://city-uhk.s3-us-west-1.amazonaws.com/scene_27/77.png,20161002_142440_Original.jpg,"(666, 930)","(951.0, 905.0)",Valid
https://city-uhk.s3-us-west-1.amazonaws.com/scene_27/77.png,20161002_142440_Original.jpg,"(604, 983)","(870.0, 959.0)",Valid
https://city-uhk.s3-us-west-1.amazonaws.com/scene_27/77.png,20161002_142440_Original.jpg,"(666, 1070)","(952.0, 1046.0)",Valid
https://city-uhk.s3-us-west-1.amazonaws.com/scene_27/78.png,20161002_142440_Original.jpg,"(577, 1211)","(839.0, 1176.0)",Valid
https://city-uhk.s3-us-west-1.amazonaws.com/scene_27/78.png,20161002_142448_Original.jpg,"(6, 1104)","(236.0, 1098.0)",Valid
https://city-uhk.s3-us-west-1.amazonaws.com/scene_27/78.png,20161002_142448_Original.jpg,"(10, 1437)","(156.0, 1413.0)",Valid
https://city-uhk.s3-us-west-1.amazonaws.com/scene_27/78.png,20161002_142448_Original.jpg,"(8, 1538)","(138.0, 1506.0)",Valid
https://city-uhk.s3-us-west-1.amazonaws.com/scene_27/79.png,20161002_142448_Original.jpg,"(6, 1661)","(135.0, 1621.0)",Valid
https://city-uhk.s3-us-west-1.amazonaws.com/scene_27/79.png,20161002_142448_Original.jpg,"(1041, 1819)","(1303.0, 1711.0)",Valid
https://city-uhk.s3-us-west-1.amazonaws.com/scene_27/79.png,20161002_142448_Original.jpg,"(696, 1132)","(839.0, 1152.0)",Valid
https://city-uhk.s3-us-west-1.amazonaws.com/scene_27/79.png,20161002_142448_Original.jpg,"(692, 1031)","(956.0, 1065.0)",Valid
https://city-uhk.s3-us-west-1.amazonaws.com/scene_27/80.png,20161002_142448_Original.jpg,"(660, 945)","(943.0, 929.0)",Valid
https://city-uhk.s3-us-west-1.amazonaws.com/scene_27/80.png,20161002_142448_Original.jpg,"(606, 989)","(870.0, 972.0)",Valid
https://city-uhk.s3-us-west-1.amazonaws.com/scene_27/80.png,20161002_142448_Original.jpg,"(253, 25)","(503.0, 118.0)",Valid
https://city-uhk.s3-us-west-1.amazonaws.com/scene_27/80.png,20161002_142448_Original.jpg,"(96, 414)","(324.0, 460.0)",Valid
https://city-uhk.s3-us-west-1.amazonaws.com/scene_27/81.png,20161002_142448_Original.jpg,"(137, 845)","(362.0, 847.0)",Valid
https://city-uhk.s3-us-west-1.amazonaws.com/scene_27/81.png,20161002_142448_Original.jpg,"(268, 687)","(533.0, 709.0)",Valid
https://city-uhk.s3-us-west-1.amazonaws.com/scene_27/81.png,20161002_142448_Original.jpg,"(399, 206)","(489.0, 346.0)",Valid
https://city-uhk.s3-us-west-1.amazonaws.com/scene_27/81.png,20161002_142448_Original.jpg,"(591, 159)","(870.0, 259.0)",Valid
https://city-uhk.s3-us-west-1.amazonaws.com/scene_27/82.png,20161002_142448_Original.jpg,"(455, 534)","(712.0, 556.0)",Valid
https://city-uhk.s3-us-west-1.amazonaws.com/scene_27/82.png,20161002_142448_Original.jpg,"(475, 588)","(767.0, 630.0)",Valid
https://city-uhk.s3-us-west-1.amazonaws.com/scene_27/82.png,20161002_142450_Original.jpg,"(10, 1974)","(140.0, 1908.0)",Valid
https://city-uhk.s3-us-west-1.amazonaws.com/scene_27/82.png,20161002_142450_Original.jpg,"(6, 1375)","(104.0, 1356.0)",Valid
https://city-uhk.s3-us-west-1.amazonaws.com/scene_27/83.png,20161002_142450_Original.jpg,"(20, 1134)","(224.0, 1124.0)",Valid
https://city-uhk.s3-us-west-1.amazonaws.com/scene_27/83.png,20161002_142450_Original.jpg,"(10, 961)","(230.0, 962.0)",Valid
https://city-uhk.s3-us-west-1.amazonaws.com/scene_27/83.png,20161002_142450_Original.jpg,"(4, 872)","(217.0, 872.0)",Valid
https://city-uhk.s3-us-west-1.amazonaws.com/scene_27/83.png,20161002_142450_Original.jpg,"(87, 410)","(336.0, 464.0)",Valid
https://city-uhk.s3-us-west-1.amazonaws.com/scene_27/84.png,20161002_142450_Original.jpg,"(244, 36)","(498.0, 120.0)",Valid
https://city-uhk.s3-us-west-1.amazonaws.com/scene_27/84.png,20161002_142450_Original.jpg,"(392, 208)","(504.0, 341.0)",Estimation
https://city-uhk.s3-us-west-1.amazonaws.com/scene_27/84.png,20161002_142450_Original.jpg,"(285, 688)","(532.0, 713.0)",Valid
https://city-uhk.s3-us-west-1.amazonaws.com/scene_27/84.png,20161002_142450_Original.jpg,"(333, 811)","(591.0, 826.0)",Valid
https://city-uhk.s3-us-west-1.amazonaws.com/scene_27/85.png,20161002_142450_Original.jpg,"(236, 999)","(484.0, 998.0)",Valid
https://city-uhk.s3-us-west-1.amazonaws.com/scene_27/85.png,20161002_142450_Original.jpg,"(242, 1084)","(523.0, 1072.0)",Valid
https://city-uhk.s3-us-west-1.amazonaws.com/scene_27/85.png,20161002_142450_Original.jpg,"(697, 1164)","(842.0, 1187.0)",Valid
https://city-uhk.s3-us-west-1.amazonaws.com/scene_27/85.png,20161002_142450_Original.jpg,"(680, 1032)","(951.0, 1064.0)",Valid
https://city-uhk.s3-us-west-1.amazonaws.com/scene_27/86.png,20161002_142450_Original.jpg,"(597, 992)","(878.0, 969.0)",Valid
https://city-uhk.s3-us-west-1.amazonaws.com/scene_27/86.png,20161002_142450_Original.jpg,"(656, 941)","(951.0, 913.0)",Valid
https://city-uhk.s3-us-west-1.amazonaws.com/scene_27/86.png,20161002_142450_Original.jpg,"(1273, 656)","(1593.0, 656.0)",Estimation
https://city-uhk.s3-us-west-1.amazonaws.com/scene_27/86.png,20161002_142457_Original.jpg,"(76, 1639)","(302.0, 1566.0)",Valid
https://city-uhk.s3-us-west-1.amazonaws.com/scene_27/87.png,20161002_142457_Original.jpg,"(126, 1521)","(391.0, 1480.0)",Valid
https://city-uhk.s3-us-west-1.amazonaws.com/scene_27/87.png,20161002_142457_Original.jpg,"(176, 40)","(394.0, 116.0)",Valid
https://city-uhk.s3-us-west-1.amazonaws.com/scene_27/87.png,20161002_142457_Original.jpg,"(303, 335)","(560.0, 414.0)",Valid
https://city-uhk.s3-us-west-1.amazonaws.com/scene_27/87.png,20161002_142457_Original.jpg,"(275, 849)","(534.0, 865.0)",Valid
https://city-uhk.s3-us-west-1.amazonaws.com/scene_27/88.png,20161002_142457_Original.jpg,"(438, 1504)","(696.0, 1398.0)",Valid
https://city-uhk.s3-us-west-1.amazonaws.com/scene_27/88.png,20161002_142457_Original.jpg,"(683, 1288)","(986.0, 1256.0)",Valid
https://city-uhk.s3-us-west-1.amazonaws.com/scene_27/88.png,20161002_142457_Original.jpg,"(697, 1157)","(844.0, 1187.0)",Valid
https://city-uhk.s3-us-west-1.amazonaws.com/scene_27/88.png,20161002_142457_Original.jpg,"(681, 1061)","(968.0, 1040.0)",Valid
https://city-uhk.s3-us-west-1.amazonaws.com/scene_27/89.png,20161002_142457_Original.jpg,"(610, 986)","(881.0, 965.0)",Estimation
https://city-uhk.s3-us-west-1.amazonaws.com/scene_27/89.png,20161002_142457_Original.jpg,"(671, 943)","(943.0, 928.0)",Valid
https://city-uhk.s3-us-west-1.amazonaws.com/scene_27/89.png,20161002_142457_Original.jpg,"(650, 143)","(930.0, 251.0)",Estimation
https://city-uhk.s3-us-west-1.amazonaws.com/scene_27/89.png,20161002_142457_Original.jpg,"(899, 232)","(1093.0, 155.0)",Valid
https://city-uhk.s3-us-west-1.amazonaws.com/scene_27/90.png,20161002_142500_Original.jpg,"(8, 1883)","(155.0, 1843.0)",Valid
https://city-uhk.s3-us-west-1.amazonaws.com/scene_27/90.png,20161002_142500_Original.jpg,"(14, 1827)","(168.0, 1786.0)",Valid
https://city-uhk.s3-us-west-1.amazonaws.com/scene_27/90.png,20161002_142500_Original.jpg,"(2, 1286)","(184.0, 1264.0)",Valid
https://city-uhk.s3-us-west-1.amazonaws.com/scene_27/90.png,20161002_142500_Original.jpg,"(4, 658)","(166.0, 676.0)",Valid
https://city-uhk.s3-us-west-1.amazonaws.com/scene_27/91.png,20161002_142500_Original.jpg,"(81, 1415)","(326.0, 1370.0)",Valid
https://city-uhk.s3-us-west-1.amazonaws.com/scene_27/91.png,20161002_142500_Original.jpg,"(424, 1532)","(666.0, 1466.0)",Valid
https://city-uhk.s3-us-west-1.amazonaws.com/scene_27/91.png,20161002_142500_Original.jpg,"(490, 1453)","(763.0, 1397.0)",Valid
https://city-uhk.s3-us-west-1.amazonaws.com/scene_27/91.png,20161002_142500_Original.jpg,"(486, 1952)","(789.0, 1838.0)",Estimation
https://city-uhk.s3-us-west-1.amazonaws.com/scene_27/92.png,20161002_142500_Original.jpg,"(585, 52)","(844.0, 167.0)",Valid
https://city-uhk.s3-us-west-1.amazonaws.com/scene_27/92.png,20161002_142500_Original.jpg,"(574, 1119)","(836.0, 1120.0)",Valid
https://city-uhk.s3-us-west-1.amazonaws.com/scene_27/92.png,20161002_142500_Original.jpg,"(675, 1058)","(980.0, 1018.0)",Valid
https://city-uhk.s3-us-west-1.amazonaws.com/scene_27/92.png,20161002_142500_Original.jpg,"(663, 939)","(950.0, 916.0)",Valid
https://city-uhk.s3-us-west-1.amazonaws.com/scene_27/93.png,20161002_142500_Original.jpg,"(606, 987)","(881.0, 963.0)",Valid
https://city-uhk.s3-us-west-1.amazonaws.com/scene_27/93.png,20161002_142504_Original.jpg,"(68, 1895)","(292.0, 1818.0)",Valid
https://city-uhk.s3-us-west-1.amazonaws.com/scene_27/93.png,20161002_142504_Original.jpg,"(2, 1938)","(222.0, 1869.0)",Valid
https://city-uhk.s3-us-west-1.amazonaws.com/scene_27/93.png,20161002_142504_Original.jpg,"(585, 1131)","(835.0, 1128.0)",Valid
https://city-uhk.s3-us-west-1.amazonaws.com/scene_27/94.png,20161002_142504_Original.jpg,"(612, 990)","(868.0, 957.0)",Valid
https://city-uhk.s3-us-west-1.amazonaws.com/scene_27/94.png,20161002_142504_Original.jpg,"(665, 943)","(950.0, 904.0)",Valid
https://city-uhk.s3-us-west-1.amazonaws.com/scene_27/94.png,20161002_142504_Original.jpg,"(676, 1055)","(974.0, 1039.0)",Valid
https://city-uhk.s3-us-west-1.amazonaws.com/scene_27/94.png,20161002_142504_Original.jpg,"(1103, 1082)","(1362.0, 1074.0)",Valid
https://city-uhk.s3-us-west-1.amazonaws.com/scene_27/95.png,20161002_142504_Original.jpg,"(1082, 747)","(1350.0, 786.0)",Valid
https://city-uhk.s3-us-west-1.amazonaws.com/scene_27/95.png,20161002_142504_Original.jpg,"(663, 51)","(932.0, 147.0)",Valid
https://city-uhk.s3-us-west-1.amazonaws.com/scene_27/95.png,20161002_142618_Original.jpg,"(6, 1860)","(129.0, 1802.0)",Valid
https://city-uhk.s3-us-west-1.amazonaws.com/scene_27/95.png,20161002_142618_Original.jpg,"(18, 2025)","(191.0, 1961.0)",Estimation
https://city-uhk.s3-us-west-1.amazonaws.com/scene_27/96.png,20161002_142618_Original.jpg,"(41, 2039)","(256.0, 1958.0)",Valid
https://city-uhk.s3-us-west-1.amazonaws.com/scene_27/96.png,20161002_142618_Original.jpg,"(14, 1437)","(232.0, 1386.0)",Valid
https://city-uhk.s3-us-west-1.amazonaws.com/scene_27/96.png,20161002_142618_Original.jpg,"(16, 1160)","(261.0, 1140.0)",Valid
https://city-uhk.s3-us-west-1.amazonaws.com/scene_27/96.png,20161002_142618_Original.jpg,"(140, 727)","(356.0, 780.0)",Valid
https://city-uhk.s3-us-west-1.amazonaws.com/scene_27/97.png,20161002_142618_Original.jpg,"(363, 596)","(636.0, 618.0)",Valid
https://city-uhk.s3-us-west-1.amazonaws.com/scene_27/97.png,20161002_142618_Original.jpg,"(302, 1813)","(527.0, 1729.0)",Valid
https://city-uhk.s3-us-west-1.amazonaws.com/scene_27/97.png,20161002_142618_Original.jpg,"(463, 1892)","(579.0, 1829.0)",Estimation
https://city-uhk.s3-us-west-1.amazonaws.com/scene_27/97.png,20161002_142618_Original.jpg,"(437, 1836)","(703.0, 1767.0)",Valid
https://city-uhk.s3-us-west-1.amazonaws.com/scene_27/98.png,20161002_142622_Original.jpg,"(6, 1663)","(191.0, 1644.0)",Valid
https://city-uhk.s3-us-west-1.amazonaws.com/scene_27/98.png,20161002_142622_Original.jpg,"(22, 1620)","(164.0, 1586.0)",Valid
https://city-uhk.s3-us-west-1.amazonaws.com/scene_27/98.png,20161002_142622_Original.jpg,"(8, 1253)","(197.0, 1220.0)",Valid
https://city-uhk.s3-us-west-1.amazonaws.com/scene_27/98.png,20161002_142622_Original.jpg,"(396, 141)","(704.0, 239.0)",Valid
https://city-uhk.s3-us-west-1.amazonaws.com/scene_27/99.png,20161002_142622_Original.jpg,"(406, 688)","(664.0, 747.0)",Valid
https://city-uhk.s3-us-west-1.amazonaws.com/scene_27/99.png,20161002_142636_Original.jpg,"(356, 192)","(650.0, 283.0)",Valid
https://city-uhk.s3-us-west-1.amazonaws.com/scene_27/99.png,20161002_142636_Original.jpg,"(389, 361)","(652.0, 395.0)",Estimation
https://city-uhk.s3-us-west-1.amazonaws.com/scene_27/99.png,20161002_142636_Original.jpg,"(545, 435)","(842.0, 504.0)",Valid
https://city-uhk.s3-us-west-1.amazonaws.com/scene_27/100.png,20161002_142645_Original.jpg,"(111, 2041)","(278.0, 1991.0)",Valid
https://city-uhk.s3-us-west-1.amazonaws.com/scene_27/100.png,20161002_142645_Original.jpg,"(2, 1548)","(191.0, 1507.0)",Valid
https://city-uhk.s3-us-west-1.amazonaws.com/scene_27/100.png,20161002_142645_Original.jpg,"(115, 1021)","(374.0, 1020.0)",Estimation
https://city-uhk.s3-us-west-1.amazonaws.com/scene_27/100.png,20161002_142645_Original.jpg,"(277, 1041)","(445.0, 1026.0)",Valid
https://city-uhk.s3-us-west-1.amazonaws.com/scene_27/101.png,20161002_142645_Original.jpg,"(279, 1126)","(509.0, 1137.0)",Valid
https://city-uhk.s3-us-west-1.amazonaws.com/scene_27/101.png,20161002_142645_Original.jpg,"(475, 558)","(742.0, 611.0)",Valid
https://city-uhk.s3-us-west-1.amazonaws.com/scene_27/101.png,20161002_142645_Original.jpg,"(656, 641)","(932.0, 676.0)",Valid
https://city-uhk.s3-us-west-1.amazonaws.com/scene_27/101.png,20161002_142650_Original.jpg,"(54, 1591)","(304.0, 1538.0)",Valid
https://city-uhk.s3-us-west-1.amazonaws.com/scene_27/102.png,20161002_142650_Original.jpg,"(323, 956)","(563.0, 971.0)",Valid
https://city-uhk.s3-us-west-1.amazonaws.com/scene_27/102.png,20161002_142650_Original.jpg,"(107, 773)","(306.0, 785.0)",Valid
https://city-uhk.s3-us-west-1.amazonaws.com/scene_27/102.png,20161002_142650_Original.jpg,"(87, 524)","(314.0, 572.0)",Valid
https://city-uhk.s3-us-west-1.amazonaws.com/scene_27/102.png,20161002_142721_Original.jpg,"(24, 2046)","(203.0, 2002.0)",Valid
https://city-uhk.s3-us-west-1.amazonaws.com/scene_27/103.png,20161002_142721_Original.jpg,"(168, 1951)","(406.0, 1852.0)",Valid
https://city-uhk.s3-us-west-1.amazonaws.com/scene_27/103.png,20161002_142721_Original.jpg,"(3, 1605)","(208.0, 1565.0)",Valid
https://city-uhk.s3-us-west-1.amazonaws.com/scene_27/103.png,20161002_142721_Original.jpg,"(204, 482)","(425.0, 509.0)",Valid
https://city-uhk.s3-us-west-1.amazonaws.com/scene_27/103.png,20161002_142721_Original.jpg,"(300, 527)","(566.0, 608.0)",Valid
https://city-uhk.s3-us-west-1.amazonaws.com/scene_27/104.png,20161002_142721_Original.jpg,"(533, 797)","(825.0, 829.0)",Valid
https://city-uhk.s3-us-west-1.amazonaws.com/scene_27/104.png,20161002_142725_Original.jpg,"(614, 6)","(779.0, 54.0)",Valid
https://city-uhk.s3-us-west-1.amazonaws.com/scene_27/104.png,20161002_142725_Original.jpg,"(371, 644)","(619.0, 664.0)",Valid
https://city-uhk.s3-us-west-1.amazonaws.com/scene_27/104.png,20161002_142725_Original.jpg,"(99, 1979)","(336.0, 1902.0)",Valid
https://city-uhk.s3-us-west-1.amazonaws.com/scene_27/105.png,20161002_142725_Original.jpg,"(354, 2043)","(612.0, 1919.0)",Valid
https://city-uhk.s3-us-west-1.amazonaws.com/scene_27/105.png,20161002_142729_Original.jpg,"(58, 1494)","(276.0, 1456.0)",Valid
https://city-uhk.s3-us-west-1.amazonaws.com/scene_27/105.png,20161002_142729_Original.jpg,"(42, 1312)","(273.0, 1286.0)",Valid
https://city-uhk.s3-us-west-1.amazonaws.com/scene_27/105.png,20161002_142729_Original.jpg,"(49, 1175)","(264.0, 1173.0)",Valid
https://city-uhk.s3-us-west-1.amazonaws.com/scene_27/106.png,20161002_142729_Original.jpg,"(446, 1183)","(761.0, 1111.0)",Valid
https://city-uhk.s3-us-west-1.amazonaws.com/scene_27/106.png,20161002_142734_Original.jpg,"(389, 339)","(646.0, 410.0)",Valid
https://city-uhk.s3-us-west-1.amazonaws.com/scene_27/106.png,20161002_142734_Original.jpg,"(426, 467)","(683.0, 514.0)",Valid
https://city-uhk.s3-us-west-1.amazonaws.com/scene_27/106.png,20161002_142734_Original.jpg,"(19, 1936)","(148.0, 1918.0)",Valid
https://city-uhk.s3-us-west-1.amazonaws.com/scene_27/107.png,20161002_142734_Original.jpg,"(10, 1396)","(239.0, 1370.0)",Valid
https://city-uhk.s3-us-west-1.amazonaws.com/scene_27/107.png,20161002_142734_Original.jpg,"(8, 834)","(140.0, 843.0)",Valid
https://city-uhk.s3-us-west-1.amazonaws.com/scene_27/107.png,20161002_142734_Original.jpg,"(9, 789)","(94.0, 808.0)",Valid
https://city-uhk.s3-us-west-1.amazonaws.com/scene_27/107.png,20161002_142742_Original.jpg,"(10, 1863)","(133.0, 1817.0)",Valid
https://city-uhk.s3-us-west-1.amazonaws.com/scene_27/108.png,20161002_142742_Original.jpg,"(388, 591)","(654.0, 610.0)",Valid
https://city-uhk.s3-us-west-1.amazonaws.com/scene_27/108.png,20161002_142742_Original.jpg,"(426, 678)","(690.0, 689.0)",Valid
https://city-uhk.s3-us-west-1.amazonaws.com/scene_27/108.png,20161002_142750_Original.jpg,"(252, 1330)","(450.0, 1326.0)",Valid
https://city-uhk.s3-us-west-1.amazonaws.com/scene_27/108.png,20161002_142750_Original.jpg,"(208, 878)","(485.0, 881.0)",Valid
https://city-uhk.s3-us-west-1.amazonaws.com/scene_27/109.png,20161002_142801_Original.jpg,"(488, 1960)","(763.0, 1859.0)",Valid
https://city-uhk.s3-us-west-1.amazonaws.com/scene_27/109.png,20161002_142801_Original.jpg,"(858, 1934)","(1135.0, 1811.0)",Estimation
https://city-uhk.s3-us-west-1.amazonaws.com/scene_27/109.png,20161002_142801_Original.jpg,"(165, 678)","(432.0, 671.0)",Valid
https://city-uhk.s3-us-west-1.amazonaws.com/scene_27/109.png,20161002_142801_Original.jpg,"(422, 726)","(691.0, 760.0)",Valid
https://city-uhk.s3-us-west-1.amazonaws.com/scene_27/110.png,20161002_142807_Original.jpg,"(46, 1836)","(236.0, 1769.0)",Valid
https://city-uhk.s3-us-west-1.amazonaws.com/scene_27/110.png,20161002_142807_Original.jpg,"(507, 1139)","(778.0, 1096.0)",Valid
https://city-uhk.s3-us-west-1.amazonaws.com/scene_27/110.png,20161002_142822_Original.jpg,"(63, 1037)","(285.0, 1034.0)",Valid
https://city-uhk.s3-us-west-1.amazonaws.com/scene_27/110.png,20161002_142822_Original.jpg,"(287, 679)","(559.0, 734.0)",Estimation
https://city-uhk.s3-us-west-1.amazonaws.com/scene_27/111.png,20161002_142822_Original.jpg,"(312, 669)","(586.0, 738.0)",Valid
https://city-uhk.s3-us-west-1.amazonaws.com/scene_27/111.png,20161002_142822_Original.jpg,"(638, 3)","(966.0, 140.0)",Valid
https://city-uhk.s3-us-west-1.amazonaws.com/scene_27/111.png,20161002_142822_Original.jpg,"(677, 9)","(967.0, 139.0)",Valid
https://city-uhk.s3-us-west-1.amazonaws.com/scene_27/111.png,20161002_142833_Original.jpg,"(302, 2040)","(566.0, 1926.0)",Valid
https://city-uhk.s3-us-west-1.amazonaws.com/scene_27/112.png,20161002_142833_Original.jpg,"(16, 1791)","(173.0, 1765.0)",Valid
https://city-uhk.s3-us-west-1.amazonaws.com/scene_27/112.png,20161002_142833_Original.jpg,"(17, 1880)","(178.0, 1804.0)",Valid
https://city-uhk.s3-us-west-1.amazonaws.com/scene_27/112.png,20161002_142833_Original.jpg,"(20, 1532)","(226.0, 1496.0)",Valid
https://city-uhk.s3-us-west-1.amazonaws.com/scene_27/112.png,20161002_142833_Original.jpg,"(16, 1446)","(142.0, 1428.0)",Estimation
https://city-uhk.s3-us-west-1.amazonaws.com/scene_27/113.png,20161002_142833_Original.jpg,"(359, 1149)","(600.0, 1124.0)",Valid
https://city-uhk.s3-us-west-1.amazonaws.com/scene_27/113.png,20161002_142857_Original.jpg,"(8, 1253)","(210.0, 1234.0)",Valid
https://city-uhk.s3-us-west-1.amazonaws.com/scene_27/113.png,20161002_142857_Original.jpg,"(208, 1002)","(445.0, 1022.0)",Valid
https://city-uhk.s3-us-west-1.amazonaws.com/scene_27/113.png,20161002_142857_Original.jpg,"(560, 613)","(854.0, 638.0)",Valid
https://city-uhk.s3-us-west-1.amazonaws.com/scene_27/114.png,20161002_142857_Original.jpg,"(487, 268)","(738.0, 351.0)",Valid
https://city-uhk.s3-us-west-1.amazonaws.com/scene_27/114.png,20161002_142857_Original.jpg,"(485, 42)","(739.0, 145.0)",Estimation
https://city-uhk.s3-us-west-1.amazonaws.com/scene_27/114.png,20161002_142857_Original.jpg,"(461, 2043)","(728.0, 1905.0)",Estimation
https://city-uhk.s3-us-west-1.amazonaws.com/scene_27/114.png,20161002_142857_Original.jpg,"(341, 1541)","(603.0, 1464.0)",Valid
https://city-uhk.s3-us-west-1.amazonaws.com/scene_27/115.png,20161002_142857_Original.jpg,"(174, 1453)","(405.0, 1418.0)",Valid
https://city-uhk.s3-us-west-1.amazonaws.com/scene_27/115.png,20161002_142857_Original.jpg,"(143, 1371)","(382.0, 1330.0)",Valid
https://city-uhk.s3-us-west-1.amazonaws.com/scene_27/115.png,20161002_142922_Original.jpg,"(15, 1938)","(218.0, 1871.0)",Valid
https://city-uhk.s3-us-west-1.amazonaws.com/scene_27/115.png,20161002_142922_Original.jpg,"(0, 1218)","(203.0, 1188.0)",Valid
https://city-uhk.s3-us-west-1.amazonaws.com/scene_27/116.png,20161002_142922_Original.jpg,"(428, 1024)","(710.0, 1024.0)",Valid
https://city-uhk.s3-us-west-1.amazonaws.com/scene_27/116.png,20161002_142922_Original.jpg,"(363, 948)","(648.0, 962.0)",Valid
https://city-uhk.s3-us-west-1.amazonaws.com/scene_27/116.png,20161002_142922_Original.jpg,"(407, 460)","(658.0, 541.0)",Valid
https://city-uhk.s3-us-west-1.amazonaws.com/scene_27/116.png,20161002_142922_Original.jpg,"(495, 224)","(718.0, 291.0)",Estimation
https://city-uhk.s3-us-west-1.amazonaws.com/scene_27/117.png,20161002_142925_Original.jpg,"(6, 1314)","(260.0, 1287.0)",Valid
https://city-uhk.s3-us-west-1.amazonaws.com/scene_27/117.png,20161002_142925_Original.jpg,"(36, 1423)","(279.0, 1368.0)",Valid
https://city-uhk.s3-us-west-1.amazonaws.com/scene_27/117.png,20161002_142925_Original.jpg,"(122, 498)","(371.0, 576.0)",Valid
https://city-uhk.s3-us-west-1.amazonaws.com/scene_27/117.png,20161002_142925_Original.jpg,"(240, 19)","(504.0, 117.0)",Valid
https://city-uhk.s3-us-west-1.amazonaws.com/scene_27/118.png,20161002_142925_Original.jpg,"(581, 316)","(718.0, 294.0)",Estimation
https://city-uhk.s3-us-west-1.amazonaws.com/scene_27/118.png,20161002_142925_Original.jpg,"(408, 469)","(659.0, 525.0)",Valid
https://city-uhk.s3-us-west-1.amazonaws.com/scene_27/118.png,20161002_142925_Original.jpg,"(320, 911)","(622.0, 919.0)",Valid
https://city-uhk.s3-us-west-1.amazonaws.com/scene_27/118.png,20161002_142929_Original.jpg,"(90, 2041)","(256.0, 2008.0)",Valid
https://city-uhk.s3-us-west-1.amazonaws.com/scene_27/119.png,20161002_142929_Original.jpg,"(15, 1447)","(287.0, 1403.0)",Valid
https://city-uhk.s3-us-west-1.amazonaws.com/scene_27/119.png,20161002_142929_Original.jpg,"(2, 1227)","(210.0, 1210.0)",Valid
https://city-uhk.s3-us-west-1.amazonaws.com/scene_27/119.png,20161002_142929_Original.jpg,"(48, 498)","(273.0, 545.0)",Valid
https://city-uhk.s3-us-west-1.amazonaws.com/scene_27/119.png,20161002_142929_Original.jpg,"(86, 533)","(318.0, 582.0)",Valid
https://city-uhk.s3-us-west-1.amazonaws.com/scene_27/120.png,20161002_142929_Original.jpg,"(222, 668)","(464.0, 700.0)",Valid
https://city-uhk.s3-us-west-1.amazonaws.com/scene_27/120.png,20161002_142929_Original.jpg,"(366, 575)","(627.0, 614.0)",Valid
https://city-uhk.s3-us-west-1.amazonaws.com/scene_27/120.png,20161002_142929_Original.jpg,"(476, 833)","(782.0, 816.0)",Valid
